NAME,EMAIL,INDEX,GENDER,WHATSAPP,DEPARTMENT,LECTURE,LAB,Week 1,Week 2,Week 3,Week 4,Week 5,Week 6,Week 7,Week 8,Week 9,Week 10
Philip Mayom Aguek,philipmayoma12@gmail.com,18-CCS-223,MALE,+211929473071,CS,B,D,0,0,0,0,0,0,0,0,0,0
Sunday Samuel Michael Koryom,sundaysam243@gmail.com,22-CCS- 008,MALE,+211917898849,CS,A,A,0,0,0,0,0,0,0,0,0,0
Deng Yak Mawien Kuol,dengbigdealwwg@gmail.com,20-CIT-016,MALE,+211922221812,IT,B,D,0,0,0,0,0,0,0,0,0,0
Alfred Agoth Kuot Juac,agothalfred019@gmail.com,20-CCS-014,MALE,+211925098403,CS,A,A,0,0,0,0,0,0,0,0,0,0
Anthony Makur Marial Anhiem,anthonymakur86@gmail.com,18-CIT-018,MALE,0920299506,IT,B,D,0,0,0,0,0,0,0,0,0,0
MARY ANGER BOL KUACH,angermary25@gmail.com,20-CCS-047,FEMALE,+211928746297,CS,A,A,0,0,0,0,0,0,0,0,0,0
Samuel Wei Gai Weich,samuelwei2021@gmail.com,20-CSS-112,MALE,0929347868,CS,A,A,0,0,0,0,0,0,0,0,0,0
Joseph Wani lumana lopudo,princejoewans@gmail.com,20 - CIT - 140,MALE,0983000058,IT,NA,NA,0,0,0,0,0,0,0,0,0,0
Anibiko Samson Paulino,anibikosamson@gmail.com,20-CCS-102,MALE,+211922750052,CS,B,B,0,0,0,0,0,0,0,0,0,0
Peter mariak Atem,atempeter72@gmail.com,20-ccs-056,MALE,0919311960,CS,A,C,0,0,0,0,0,0,0,0,0,0
Rapheal sule sebit philemon,healsrapha@gmail.com,22-CIT-282,MALE,+211980802946,IT,B,D,0,0,0,0,0,0,0,0,0,0
Mandenya Samuel Francis,mandenyasamuel500@gmail.com,20-CIT-058,MALE,+211980033945,IT,B,D,0,0,0,0,0,0,0,0,0,0
Yuma peter,ayumep11@gmail.com,20-CIT-083,MALE,+211922601117,IT,A,A,0,0,0,0,0,0,0,0,0,0
Yasin Salah Omer,yasinsalah211@gmail.com,18-CIT-129,MALE,0925255253,IT,A,A,0,0,0,0,0,0,0,0,0,0
Lual Majok Lual,lualmajok81@gmail.com,2022_cit-293,MALE,+211929184222,IT,A,A,0,0,0,0,0,0,0,0,0,0
Thuch Moses Mager,thuchmager39@gmail.com,20-CIT-103,MALE,0923433110,IT,A,A,0,0,0,0,0,0,0,0,0,0
Isaac Achiec ×2,wizzyadut@gmail.com,20-cs-032,MALE,0913450106,CS,A,A,0,0,0,0,0,0,0,0,0,0
GUENY MAKHOI GUENY,yankgueny@gmail.com,22 CIT 201,MALE,0921005425,IT,A,A,0,0,0,0,0,0,0,0,0,0
Dhieu Ajak Paul,dhieuajakp@gmail.com,20-CCS-027,MALE,0929329357,CS,A,A,0,0,0,0,0,0,0,0,0,0
Sosima Idai William,idaisosima6@gmail.com,20-CCS-066,FEMALE,0929697130,CS,A,A,0,0,0,0,0,0,0,0,0,0
Buay Moses,buaymoses@gmail.com,20-CCS-018,MALE,+211922522466,CS,A,A,0,0,0,0,0,0,0,0,0,0
James Ajaak Akech Liai,apiuditajaak@gmail.com,20_CS_039,MALE,+211 928854442,CS,A,A,0,0,0,0,0,0,0,0,0,0
Aman Mabior Arem,amanmabior5@gmail.com,20-CCS-008,FEMALE,0916842844,CS,A,A,0,0,0,0,0,0,0,0,0,0
Abraham Makur Mayor Nyidier,makuurmayornyidier@gmail.com,20-CCS-001,MALE,0927772704,CS,A,A,0,0,0,0,0,0,0,0,0,0
Stephen Mayen Mayen,mayenstephen1994@gmail.com,18-CIT-120,MALE,0916649954,IT,A,A,0,0,0,0,0,0,0,0,0,0
Aleer Deng Leek,lericulture12@gmail.com,20-css-004,MALE,0928585557,CS,A,A,0,0,0,0,0,0,0,0,0,0
Martha Achan Bol kuach,achanarthabol@gmail.com,20-CIT-061,FEMALE,0922863188,IT,A,A,0,0,0,0,0,0,0,0,0,0
Daniel Mathiang Manyuat,mmanyuat7@gmail.com,20-cit-112,MALE,+211925445009,IT,A,A,0,0,0,0,0,0,0,0,0,0
David Thiep Kuei,thiepmabun05@gmail.com,20-CIT-026,MALE,0922956933,IT,A,A,0,0,0,0,0,0,0,0,0,0
Reffgga Repent Ritti,reffggaritti@gmail.com,20-CCS-186,FEMALE,0921706996,CS,A,A,0,0,0,0,0,0,0,0,0,0
GENG JOHN MAYIIK BATH,monyyiikgeng@gmail.com,20-CIT-033,MALE,0929733533,IT,A,A,0,0,0,0,0,0,0,0,0,0
Badeng Lat Gatluak,badenglat@gmail.com,20-CIT-099,MALE,0917089898,IT,A,A,0,0,0,0,0,0,0,0,0,0
Rayan Senose Anair,senoserayan@gmail.com,20-CIT-104,FEMALE,0921612910,IT,A,A,0,0,0,0,0,0,0,0,0,0
David Chol Ayuel Akech,lclisto10@gmail.com,20_CCS_022,MALE,0921200015,CS,A,A,0,0,0,0,0,0,0,0,0,0
Mathew Yel Yel,yelyelyelyai@gmail.com,20-CIT-059,MALE,0922931515,IT,A,A,0,0,0,0,0,0,0,0,0,0
Lual Magok Amuor,lualmagok294@gmail.com,20-cit-087,MALE,0927229229,IT,A,A,0,0,0,0,0,0,0,0,0,0
Dier Khalil Mangok,d26rkhalil@gmail.com,20-cit-049,MALE,0920505376,IT,A,A,0,0,0,0,0,0,0,0,0,0
Biowei Moses Chol,mozardpro776@gmail.com,20-CCS-019,MALE,+211925931147,CS,A,A,0,0,0,0,0,0,0,0,0,0
Wasia Charles Taban Ladu,iggyigale@gmail.com,20-CCS-185,FEMALE,+211924350055,CS,A,A,0,0,0,0,0,0,0,0,0,0
Mayen Peter Deng,mayenpeterdeng85@gmail.com,20-CCS-051,MALE,+211928555169,CS,A,A,0,0,0,0,0,0,0,0,0,0
Deng Bul Koriom Thiik,dengbuldit@gmail.com,20-CIT-121,MALE,±211922441444,IT,A,A,0,0,0,0,0,0,0,0,0,0
Augustine pitia yoane,augustinepitia429@gmail.com,20_CCS_003,MALE,0922710593,CS,A,B,0,0,0,0,0,0,0,0,0,0
Chol Ajing Nyuol,bestbilla9123@gmail.com,18_CCS_ 063,MALE,0927466677,CS,A,B,0,0,0,0,0,0,0,0,0,0
Amos Ayany Arech,amosayany@gmail.com,18-CIT-014,MALE,0926661022,IT,A,A,0,0,0,0,0,0,0,0,0,0
Muranga Samuel Simon,samuelmuranga999@gmail.com,20-CCS-180,MALE,+211920695695,CS,A,B,0,0,0,0,0,0,0,0,0,0
Chol mayen,lukemayen06@gmail.com,20-ccs-21,MALE,0926988397,CS,A,B,0,0,0,0,0,0,0,0,0,0
Nyok Philip Akuei,nyokakuei2023@gmail.com,20-CIT-145,MALE,+211929011132,IT,A,A,0,0,0,0,0,0,0,0,0,0
Adeng Santino Manyuat,shenaadeng@gmail.com,20_CIT_008,FEMALE,0981278826,IT,A,B,0,0,0,0,0,0,0,0,0,0
Gang Makuei Agok Deng,gangmakueia@gmail.com,20-CIT-034,MALE,0921777455,IT,A,B,0,0,0,0,0,0,0,0,0,0
Samuel Maduot Maduot Bol,boldit2015@gmail.com,20-cit-100,MALE,0924080955,IT,A,B,0,0,0,0,0,0,0,0,0,0
BIOR DANIEL PARMENA KELEI,biordaniel2000@gmail.com,20-CCS-016,MALE,0917317553,CS,A,B,0,0,0,0,0,0,0,0,0,0
LEEK WILLIAM THON,leewith20@gmail.com,20 - CIT - 135,MALE,+211921124243,IT,A,B,0,0,0,0,0,0,0,0,0,0
Margret yel Akok,margretyel22@gmail.com,18-CCS-179,FEMALE,0923468729,CS,A,B,0,0,0,0,0,0,0,0,0,0
Santino Malek Akech Malek,maleksultanakech@gmail.com,+211921381877,MALE,+211921381877,CS,A,B,0,0,0,0,0,0,0,0,0,0
Aluel James Deng,kuanmajing@gmail.com,18_CCS_079,FEMALE,+211927777364,CS,A,B,0,0,0,0,0,0,0,0,0,0
Charles Hakim Elly Nyabaka,charleshakimelly@gmail.com,20-cit-020,MALE,0925370173,IT,A,B,0,0,0,0,0,0,0,0,0,0
William Wol Wol Bol,agitmaker3@gmail.com,20-CCS-068,MALE,+211988833365,CS,A,B,0,0,0,0,0,0,0,0,0,0
Jovan alex John boys,jovanalexjohnboyo@gmail.com,20-ccs-034,MALE,+211925652514,CS,A,B,0,0,0,0,0,0,0,0,0,0
Otema Jacob Peter Andrew,andrewjacobotemapeter@gmail.com,20-cit-066,MALE,+211921368499,IT,A,B,0,0,0,0,0,0,0,0,0,0
Samuel Martin Kuol,hassansame1995@gmail.com,20-CIT-153,MALE,0921628884,IT,A,B,0,0,0,0,0,0,0,0,0,0
Luka Gore,lukagore89@gmail.com,20-CSS-184,MALE,+211914530209,CS,A,B,0,0,0,0,0,0,0,0,0,0
David Malanga Kuclong Malanga,davidmalanga140@gmail.com,20-CIT-127,MALE,0920911148,IT,A,B,0,0,0,0,0,0,0,0,0,0
Edoko Justin James Bake,deleramsey@gmail.com,22-ccs240,MALE,0927609003,CS,A,B,0,0,0,0,0,0,0,0,0,0
Abraham Ajok Akuei Lual,ajokakuei50@gmail.com,18_CSS_002,MALE,+211928871010,CS,A,B,0,0,0,0,0,0,0,0,0,0
Albino Manyang Tong,manyangtong8@gmail.com,20_cit_145,MALE,0921743644,IT,A,B,0,0,0,0,0,0,0,0,0,0
Diana Hassan Kafi Mohammed,diahassan2020@gmail.com,18-CIT-150,FEMALE,+211920775077,IT,A,B,0,0,0,0,0,0,0,0,0,0
Deng Kamich Arok,dengkamich22@gmail.com,20- CCS-025,MALE,+211 924547722,CS,A,B,0,0,0,0,0,0,0,0,0,0
Pager John Yuot Aguer,pageryuot@gmail.com,20-CIT-067,MALE,0922708899,IT,A,B,0,0,0,0,0,0,0,0,0,0
Aduer Chaguor Aduer,aduerchaguor@gmail.com,29_CIT 007,MALE,09233331597,IT,A,B,0,0,0,0,0,0,0,0,0,0
Yohannes Majwang James,yohannesmj2000@gmail.com,22-CCS-054,MALE,+211910414087,CS,A,B,0,0,0,0,0,0,0,0,0,0
TOM MAJOK ADUT,thouaduttuenymabor@gmail.com,20-CIT-078,MALE,+211923120921,IT,A,B,0,0,0,0,0,0,0,0,0,0
ALICE ANNA JOHN,aliceannaj@gmail.com,18-CCS-030,FEMALE,0921568547,CS,A,B,0,0,0,0,0,0,0,0,0,0
Bul Ajang Kur Yuot,bulajangkur15@gmail.com,20-CCS-095,MALE,+211922566089,CS,B,C,0,0,0,0,0,0,0,0,0,0
Kuoi Makuei Kuoi Makuei,kuoimakuei19@gmail.com,20-CIT-132,MALE,+211928827099,IT,A,B,0,0,0,0,0,0,0,0,0,0
James malang majock bayah,malangmajock@gmail.com,22-CIT-151,MALE,+211925500527,IT,A,B,0,0,0,0,0,0,0,0,0,0
Khamisa puok chang biliue,netababoya@gmail.com,22_CIT_290,FEMALE,0925483457,IT,A,B,0,0,0,0,0,0,0,0,0,0
Buoi Abraham Chol,buoiabraham3@gmail.com,20-Css-017,MALE,+211920990666,CS,B,C,0,0,0,0,0,0,0,0,0,0
Daniel Manyiel Choch,danielmanyielchoch@gmail.com,20-CIT-021,MALE,0920071313,IT,A,B,0,0,0,0,0,0,0,0,0,0
Madit Maring Kuornyuot,mkuornyuot@gmail.com,20-CIT-091,MALE,+211917577954,IT,A,B,0,0,0,0,0,0,0,0,0,0
Mathijin tekjiek Reat,tekjiekmathijin043@gmail.com,20- ccs 089,MALE,0922202434,CS,B,C,0,0,0,0,0,0,0,0,0,0
Mary Ayen Marial,ayenkawaja2024@gmail.com,20-CS-076,FEMALE,+211 923885008,CS,B,C,0,0,0,0,0,0,0,0,0,0
Josephine Ajook Baak,ajookbaak567@gmail.com,20-cit-119,FEMALE,+211980191999,IT,B,C,0,0,0,0,0,0,0,0,0,0
Deng Adoor Deng,dengadoor22@gmail.com,200-CCS-026,MALE,0923339338,CS,B,C,0,0,0,0,0,0,0,0,0,0
Justin makuac Aleu,justinmakuac310@gmail.com,20-CIT-043,MALE,+211923741080,IT,B,C,0,0,0,0,0,0,0,0,0,0
Kuot John athian,kuotmario90@gmail.com,20-ccs-070,MALE,0929700988,CS,B,C,0,0,0,0,0,0,0,0,0,0
Adon Dhalbeny Malual  Ayuel,aayueldit@gmail.com,18-ict-207,FEMALE,+211926444343,IT,B,C,0,0,0,0,0,0,0,0,0,0
Kon David Khang Kon,kondavidkhang@gmail.com,20-ccs-046,MALE,0924922230,CS,B,C,0,0,0,0,0,0,0,0,0,0
Nyamujwok Jachinto Dak,erenajachinto@gmail.com,22-CCS-236,FEMALE,0910481358,CS,B,C,0,0,0,0,0,0,0,0,0,0
Jok Manguak Dut,jokdut953@gmail.com,20 -ccs-107,MALE,0927735657,CS,B,C,0,0,0,0,0,0,0,0,0,0
MARIAM AMOU MOU RIINY,amoumariam5@gmail.com,20-CIT-063,FEMALE,0921112455,IT,B,C,0,0,0,0,0,0,0,0,0,0
Joseph mading magut,madingmagut921@gmail.com,Index number 267  css,MALE,+112922274478,CS,B,C,0,0,0,0,0,0,0,0,0,0
Gattuak matiok deng,dengnyech2018@gmail.com,22-CIT- 056,MALE,+211922240041,IT,B,C,0,0,0,0,0,0,0,0,0,0
Badri okumo giraldo obote,badriokumo00@gmail.com,22-CIT-214,MALE,0912212242,IT,B,C,0,0,0,0,0,0,0,0,0,0
Yes,kuolmanyal@gmail.com,Kuol manyiel thuoch Yai,MALE,+211913339666,CS,B,C,0,0,0,0,0,0,0,0,0,0
John kon deu,deujohnkon@gmail.com,20-css-043,MALE,+211922910544,CS,B,C,0,0,0,0,0,0,0,0,0,0
Chan madit Mabior,chanmagak19@gmail.com,ScT30016,MALE,0988777709,CS,B,C,0,0,0,0,0,0,0,0,0,0
Buoi Abraham Chol,cbuoiabraham@gmail.com,20-Css-017,MALE,+211920990666,CS,B,C,0,0,0,0,0,0,0,0,0,0
Ghai Abunya Duoi Nhial,ghaimalony@gmail.com,20-ccs-030,MALE,0927201390,CS,B,C,0,0,0,0,0,0,0,0,0,0
Santino Akeen Manyuat,santinoakeen38@gmail.com,18-CIT-113,MALE,+211922193334,IT,B,C,0,0,0,0,0,0,0,0,0,0
Kuei Dhor Ariik Mawien,kueidhordit@gmail.com,18-CIT-076,FEMALE,0928411180,IT,B,C,0,0,0,0,0,0,0,0,0,0
James makuei maker,jamesmakuei99@gmail.com,20-CIT-037,MALE,0924504727,IT,B,C,0,0,0,0,0,0,0,0,0,0
PIENG MAKUACH MAYOL JOK,jokjr000@gmail.com,20-CIT-108,MALE,+211921512228,IT,B,C,0,0,0,0,0,0,0,0,0,0
Abraham Akook Akook Anei,akokakok230@gmail.com,20-cit-010,MALE,0926467773,IT,B,C,0,0,0,0,0,0,0,0,0,0
Majok Noi Yak Malek,majoknoi@gmail.com,20-ccs-082,MALE,0927956661,CS,B,D,0,0,0,0,0,0,0,0,0,0
Jane Keji Jino,janejino195@gmail.com,20-CIT-151,FEMALE,0924366106,IT,B,C,0,0,0,0,0,0,0,0,0,0
Abraham Nam Dhuor,namdhuor12345@gmail.com,20-CIT-002,MALE,0925177223,IT,B,C,0,0,0,0,0,0,0,0,0,0
Ayak Jackline Majok,ayakagum47@gmail.com,20-ccs-007,FEMALE,0928609324,CS,B,D,0,0,0,0,0,0,0,0,0,0
Wol Bol Awar Rier,wolbol029@gmail.com,18-CIT-081,MALE,+211927066668,IT,B,C,0,0,0,0,0,0,0,0,0,0
Michael Malek Makur Ikau,maleggm@gmail.com,17-CCS-049,MALE,+211920249192,CS,B,D,0,0,0,0,0,0,0,0,0,0
Gabriel Atem Panhom,atemgap96@gmail.com,20-CCS-071,MALE,0923 808 707,CS,B,D,0,0,0,0,0,0,0,0,0,0
Regina Nyalech Ngor Ring,leecngor@gmail.com,20-ccs-027,FEMALE,0913547766,CS,B,D,0,0,0,0,0,0,0,0,0,0
peter outuba john okwahi,peterotuba70@gmail.com,20-CIT-o68,MALE,0920148555,IT,B,C,0,0,0,0,0,0,0,0,0,0
JACOB JANGKER ABOUD,bawizzyotf@gmail.com,20-CIT-046,MALE,+211926107041,IT,B,C,0,0,0,0,0,0,0,0,0,0
Stephen oboya Morris,stephenoboya81@gmail.com,20_ccs_045,MALE,0928405440,CS,B,D,0,0,0,0,0,0,0,0,0,0
Thon Kuol Mabek,gsthetoddler@gmail.com,20-CIT-113,MALE,+211929576210,IT,B,C,0,0,0,0,0,0,0,0,0,0
Majdolin Andrea Juma,majdolinandrea08@gmail.com,20-CIT-114,FEMALE,0916372455,IT,B,C,0,0,0,0,0,0,0,0,0,0
Mary Anger Bol,maryanger75@gmail.com,20-CCS-047,FEMALE,+211928746297,CS,B,D,0,0,0,0,0,0,0,0,0,0
Acuei Rebecca Thondit,acueialier@gmail.com,20-CIT-001,FEMALE,+211924888891,IT,B,D,0,0,0,0,0,0,0,0,0,0
Christopher follow Repent,christopherfollow@gmail.com,18-cit-048,MALE,0928427976,IT,B,D,0,0,0,0,0,0,0,0,0,0
Deng Wol Muorngok Wol,dengmc1996@gmail.com,20_ccs,MALE,0988887171,CS,B,D,0,0,0,0,0,0,0,0,0,0
Deng Deng Malek Biar,dengdengmalekbiar@gmail.com,20-CIT-025,MALE,+211922282520,IT,B,D,0,0,0,0,0,0,0,0,0,0
Abraham Hamza Jamiry,kapihamza57@gmail.com,22-CIT-266,MALE,+211917216514,IT,B,D,0,0,0,0,0,0,0,0,0,0
James Akok Akech Akok,akecakok4@gmail.com,20_CIT-044,MALE,0925022287,IT,B,D,0,0,0,0,0,0,0,0,0,0
ITO MICHEAL NORIS,itonorism@gmail.com,20-CCS-031,MALE,+256706226870,CS,B,D,0,0,0,0,0,0,0,0,0,0
GARANG KUOT MADUT,garangkuot07@gmail.com,20-CIT-032,MALE,+211924144497,IT,B,D,0,0,0,0,0,0,0,0,0,0
Madut Angach Thiep,thiepmadut01@gmail.com,20-CIT-144,MALE,+211923371476,IT,B,D,0,0,0,0,0,0,0,0,0,0
Samuel Yol Bol,yolbol221@gmail.com,20-ccs-061,MALE,0928386242,CS,B,D,0,0,0,0,0,0,0,0,0,0
Makuei Deng Achuil,makueideng92@gmail.com,20-CCS-050,MALE,+211912979599,CS,B,D,0,0,0,0,0,0,0,0,0,0
Kuku Siliman Zaka,kukusilimanzakam@gmail.com,20-CCS-030,MALE,+211921866288,CS,B,D,0,0,0,0,0,0,0,0,0,0
Ajonga Ajonga Jongkor,ajongajohnsonajonga@gmail.com,20-CIT-092,MALE,+211924543719,IT,B,D,0,0,0,0,0,0,0,0,0,0
Mark mawut jam Aguek,markjaam4@gmail.com,20_cit_054,MALE,0924880360,IT,B,D,0,0,0,0,0,0,0,0,0,0
William Wol Wol Bol,williamwolwol33@gmail.com,20-CCS-068,MALE,+211988833365,CS,B,D,0,0,0,0,0,0,0,0,0,0
Jeremiah Yach Nyuol Deng,yachkazzy@gmail.com,20-CIT-097,MALE,0926796668,IT,B,D,0,0,0,0,0,0,0,0,0,0
Sebit Gach Thon,sebitgachthon@gmail.com,20-CIT-013,MALE,0921791701,IT,B,D,0,0,0,0,0,0,0,0,0,0
Yohana Dario Lado,wanijada7@gmail.com,22-CIt-275,MALE,0912112178,IT,B,D,0,0,0,0,0,0,0,0,0,0
Faris John David,fj1991422@gmail.com,22-CIT-095,MALE,+211982727204,IT,B,D,0,0,0,0,0,0,0,0,0,0
Abraham Nam Dhuor,dhuornam@gmail.com,20-CIT-002,MALE,0925177223,IT,B,D,0,0,0,0,0,0,0,0,0,0
Chol Abraham Madhier,cholmadeer@gmail.com,20-CCS-073,MALE,0929381203,CS,A,A,0,0,0,0,0,0,0,0,0,0
Thomas Thou Buoc Majok,tt.tommybuoc@gmail.com,20_CIT_080,MALE,0914585455,IT,A,A,0,0,0,0,0,0,0,0,0,0
Isaac vukeni Richard,isaacvukeni11@gmail.com,20-ccs-033,MALE,0924652186,CS,A,A,0,0,0,0,0,0,0,0,0,0
Jibeni John chol dak,jibenijohn41@gmail.com,22 CIT 283,FEMALE,0924443257,IT,A,A,0,0,0,0,0,0,0,0,0,0
Amos Monywiir Zande,ammyzande@gmail.com,20-CIT-013,MALE,+211924949443,IT,A,B,0,0,0,0,0,0,0,0,0,0
William Bol Deng,williamboldeng@gmail.com,20-CCS-188,MALE,+211911171718,CS,A,B,0,0,0,0,0,0,0,0,0,0
Awan Majhok Ajang,awanajang211@gmail.com,20-CCS-105,MALE,0920800010,CS,A,B,0,0,0,0,0,0,0,0,0,0
Sabri Karama Fatur,sabrifatur@gmail.com,17-CIT-080,MALE,+211918405450,IT,A,B,0,0,0,0,0,0,0,0,0,0
Adhar Magiir Akuei Chol,adharmagiir21@gmail.com,18-CCS-010,MALE,+211924076165,CS,A,B,0,0,0,0,0,0,0,0,0,0
Justin julius droko,lagujustin10@gmail.com,17-CIT-18,MALE,+211921784244,IT,B,C,0,0,0,0,0,0,0,0,0,0
Clinton John Benjamin,cjpitbull6192@gmail.com,20-css-020,MALE,0928736192,CS,B,C,0,0,0,0,0,0,0,0,0,0
Amel Mayen Angony,amelmayen6@gmail.com,20-ccs-044,FEMALE,0929177733,CS,B,C,0,0,0,0,0,0,0,0,0,0
Santino Luciano thomas,suzannabella673@gmail.com,18_CIT_114,MALE,0923449504,IT,B,C,0,0,0,0,0,0,0,0,0,0
Medho Philip Ngel,fildado17@gmail.com,20-CIT-093,MALE,+211924842012,IT,B,C,0,0,0,0,0,0,0,0,0,0
Akuac Elizabeth kuol Amet,stellawillz2123@gmail.com,20-CIT-015,FEMALE,0929713752,IT,B,D,0,0,0,0,0,0,0,0,0,0
John Juma Martin Sakush,jumasakush34@gmail.com,17-CCS-072,MALE,+211924202002,CS,B,D,0,0,0,0,0,0,0,0,0,0
Thonloch Dok miaper Goch,dengkuolmayiik2@gmail.com,20_ccs_086,MALE,+211918884119,CS,B,D,0,0,0,0,0,0,0,0,0,0
David Dut Ngor,daviddut98@gmail.com,22-CIT-148,MALE,0920177966,IT,B,D,0,0,0,0,0,0,0,0,0,0
JAMES JOK ATENY,jok523892@gmail.com,20-CCS-104,MALE,0924112373,CS,B,D,0,0,0,0,0,0,0,0,0,0
Morris Oloch kimo,morisoloch022@gmail.com,17-cit 090,MALE,0914514245,IT,NA,NA,0,0,0,0,0,0,0,0,0,0
MAGOK JACOB GENG,magokgeng90@gmail.com,20-ccs-087,MALE,0925895607,CS,NA,NA,0,0,0,0,0,0,0,0,0,0
